{"cameraMode":{"drawMode":0,"name":"Shaded","section":"Shading Mode"},"sceneLighting":false,"audioPlay":false,"sceneViewState":{"m_AlwaysRefresh":false,"showFog":true,"showSkybox":true,"showFlares":true,"showImageEffects":true,"showParticleSystems":true,"showVisualEffectGraphs":true,"m_FxEnabled":true},"in2DMode":false,"pivot":{"x":461.8078308105469,"y":185.96144104003907,"z":-929.5178833007813},"rotation":{"x":-0.02479027956724167,"y":-0.03938055410981178,"z":0.000941083300858736,"w":-0.9989572763442993},"size":148.9305877685547,"orthographic":false}